Location_ID,Watershed_ID,Distance_to_Watershed_Boundary_m,Natural_Flow_FID,Natural_Flow_Stream_ID,Natural_Flow_Elevation,Natural_Flow_In_Flow,Natural_Flow_Out_Flow,Drain_Area,Nearest_Natural_Flow_Distance_m,Watershed_Source,Data_Quality
H01,8,235.5,895,1269,0,111,576,0.841 sq km,151.9,GMDA flood_survey_2 (Watershed_Gurugram + Natural_Flow_Direction),Official GMDA GIS; nearest-flow and boundary distances calculated from returned geometry
H02,8,242.2,895,1269,0,111,576,0.841 sq km,41.6,GMDA flood_survey_2 (Watershed_Gurugram + Natural_Flow_Direction),Official GMDA GIS; nearest-flow and boundary distances calculated from returned geometry
H03,10,1896.4,757,1038,0,100,185,0.2702 sq km,432.0,GMDA flood_survey_2 (Watershed_Gurugram + Natural_Flow_Direction),Official GMDA GIS; nearest-flow and boundary distances calculated from returned geometry
H04,10,1535.8,590,805,0,387,540,0.789 sq km,70.3,GMDA flood_survey_2 (Watershed_Gurugram + Natural_Flow_Direction),Official GMDA GIS; nearest-flow and boundary distances calculated from returned geometry
H05,10,2218.9,757,1038,0,100,185,0.2702 sq km,153.8,GMDA flood_survey_2 (Watershed_Gurugram + Natural_Flow_Direction),Official GMDA GIS; nearest-flow and boundary distances calculated from returned geometry
H06,10,530.4,1024,1464,224,156,311,0.4543 sq km,331.7,GMDA flood_survey_2 (Watershed_Gurugram + Natural_Flow_Direction),Official GMDA GIS; nearest-flow and boundary distances calculated from returned geometry
H07,9,645.5,1323,1901,0,100,492,0.719 sq km,271.8,GMDA flood_survey_2 (Watershed_Gurugram + Natural_Flow_Direction),Official GMDA GIS; nearest-flow and boundary distances calculated from returned geometry
H08,10,226.7,1274,1816,0,102,302,0.4411 sq km,28.2,GMDA flood_survey_2 (Watershed_Gurugram + Natural_Flow_Direction),Official GMDA GIS; nearest-flow and boundary distances calculated from returned geometry
H09,9,295.9,1323,1901,0,100,492,0.719 sq km,148.1,GMDA flood_survey_2 (Watershed_Gurugram + Natural_Flow_Direction),Official GMDA GIS; nearest-flow and boundary distances calculated from returned geometry
H10,10,2592.1,628,851,0,129,224,0.3272 sq km,350.1,GMDA flood_survey_2 (Watershed_Gurugram + Natural_Flow_Direction),Official GMDA GIS; nearest-flow and boundary distances calculated from returned geometry
H11,10,1321.1,205,239,0,325,606,0.885 sq km,82.6,GMDA flood_survey_2 (Watershed_Gurugram + Natural_Flow_Direction),Official GMDA GIS; nearest-flow and boundary distances calculated from returned geometry
H12,10,1245.5,394,496,0,832,986,1.44 sq km,166.7,GMDA flood_survey_2 (Watershed_Gurugram + Natural_Flow_Direction),Official GMDA GIS; nearest-flow and boundary distances calculated from returned geometry
H13,10,1748.6,377,472,238,102,169,0.2469 sq km,65.5,GMDA flood_survey_2 (Watershed_Gurugram + Natural_Flow_Direction),Official GMDA GIS; nearest-flow and boundary distances calculated from returned geometry
H14,10,2179.2,201,235,0,633,997,1.456 sq km,244.9,GMDA flood_survey_2 (Watershed_Gurugram + Natural_Flow_Direction),Official GMDA GIS; nearest-flow and boundary distances calculated from returned geometry
H15,10,3435.4,355,445,0,148,206,0.3009 sq km,74.3,GMDA flood_survey_2 (Watershed_Gurugram + Natural_Flow_Direction),Official GMDA GIS; nearest-flow and boundary distances calculated from returned geometry
H16,10,1159.1,92,101,0,102,989,1.445 sq km,100.2,GMDA flood_survey_2 (Watershed_Gurugram + Natural_Flow_Direction),Official GMDA GIS; nearest-flow and boundary distances calculated from returned geometry
H17,10,81.2,45,51,0,1395,1961,2.864 sq km,357.6,GMDA flood_survey_2 (Watershed_Gurugram + Natural_Flow_Direction),Official GMDA GIS; nearest-flow and boundary distances calculated from returned geometry
H18,10,1111.9,92,101,0,102,989,1.445 sq km,19.0,GMDA flood_survey_2 (Watershed_Gurugram + Natural_Flow_Direction),Official GMDA GIS; nearest-flow and boundary distances calculated from returned geometry
H19,10,407.9,45,51,0,1395,1961,2.864 sq km,27.4,GMDA flood_survey_2 (Watershed_Gurugram + Natural_Flow_Direction),Official GMDA GIS; nearest-flow and boundary distances calculated from returned geometry
H20,10,1461.2,102,112,217,116,266,0.3885 sq km,293.6,GMDA flood_survey_2 (Watershed_Gurugram + Natural_Flow_Direction),Official GMDA GIS; nearest-flow and boundary distances calculated from returned geometry
C01,10,3738.9,482,631,0,2073,2370,3.462 sq km,218.0,GMDA flood_survey_2 (Watershed_Gurugram + Natural_Flow_Direction),Official GMDA GIS; nearest-flow and boundary distances calculated from returned geometry
C02,10,1892.7,982,1407,0,103,253,0.3695 sq km,33.1,GMDA flood_survey_2 (Watershed_Gurugram + Natural_Flow_Direction),Official GMDA GIS; nearest-flow and boundary distances calculated from returned geometry
C03,10,1410.0,1096,1561,0,527,703,1.027 sq km,137.0,GMDA flood_survey_2 (Watershed_Gurugram + Natural_Flow_Direction),Official GMDA GIS; nearest-flow and boundary distances calculated from returned geometry
C04,9,70.1,1534,2215,0,111,416,0.608 sq km,311.5,GMDA flood_survey_2 (Watershed_Gurugram + Natural_Flow_Direction),Official GMDA GIS; nearest-flow and boundary distances calculated from returned geometry
C05,1,1153.3,1047,1493,0,7667,7759,11.333 sq km,98.6,GMDA flood_survey_2 (Watershed_Gurugram + Natural_Flow_Direction),Official GMDA GIS; nearest-flow and boundary distances calculated from returned geometry
C06,10,3920.7,420,537,0,110,285,0.4163 sq km,75.0,GMDA flood_survey_2 (Watershed_Gurugram + Natural_Flow_Direction),Official GMDA GIS; nearest-flow and boundary distances calculated from returned geometry
C07,10,1394.5,221,258,238,107,120,0.1753 sq km,294.1,GMDA flood_survey_2 (Watershed_Gurugram + Natural_Flow_Direction),Official GMDA GIS; nearest-flow and boundary distances calculated from returned geometry
C08,10,2582.7,715,979,0,105,228,0.333 sq km,20.0,GMDA flood_survey_2 (Watershed_Gurugram + Natural_Flow_Direction),Official GMDA GIS; nearest-flow and boundary distances calculated from returned geometry
C09,10,2273.0,824,1141,0,132,401,0.586 sq km,77.9,GMDA flood_survey_2 (Watershed_Gurugram + Natural_Flow_Direction),Official GMDA GIS; nearest-flow and boundary distances calculated from returned geometry
C10,10,3898.8,482,631,0,2073,2370,3.462 sq km,146.2,GMDA flood_survey_2 (Watershed_Gurugram + Natural_Flow_Direction),Official GMDA GIS; nearest-flow and boundary distances calculated from returned geometry
C11,10,1423.5,988,1416,0,122,529,0.773 sq km,106.8,GMDA flood_survey_2 (Watershed_Gurugram + Natural_Flow_Direction),Official GMDA GIS; nearest-flow and boundary distances calculated from returned geometry
C12,9,767.9,1521,2193,229,916,938,1.37 sq km,2.5,GMDA flood_survey_2 (Watershed_Gurugram + Natural_Flow_Direction),Official GMDA GIS; nearest-flow and boundary distances calculated from returned geometry
C13,9,617.7,1564,2275,0,2685,2828,4.131 sq km,162.2,GMDA flood_survey_2 (Watershed_Gurugram + Natural_Flow_Direction),Official GMDA GIS; nearest-flow and boundary distances calculated from returned geometry
C14,7,700.3,1824,2706,231,125,245,0.3579 sq km,49.5,GMDA flood_survey_2 (Watershed_Gurugram + Natural_Flow_Direction),Official GMDA GIS; nearest-flow and boundary distances calculated from returned geometry
C15,7,864.8,1920,2878,223,1718,1937,2.829 sq km,103.1,GMDA flood_survey_2 (Watershed_Gurugram + Natural_Flow_Direction),Official GMDA GIS; nearest-flow and boundary distances calculated from returned geometry
C16,9,549.1,1779,2623,0,106,172,0.2512 sq km,150.5,GMDA flood_survey_2 (Watershed_Gurugram + Natural_Flow_Direction),Official GMDA GIS; nearest-flow and boundary distances calculated from returned geometry
C17,7,811.7,1985,3004,222,1073,1264,1.846 sq km,151.3,GMDA flood_survey_2 (Watershed_Gurugram + Natural_Flow_Direction),Official GMDA GIS; nearest-flow and boundary distances calculated from returned geometry
C18,9,1056.1,1630,2389,0,120,469,0.685 sq km,175.0,GMDA flood_survey_2 (Watershed_Gurugram + Natural_Flow_Direction),Official GMDA GIS; nearest-flow and boundary distances calculated from returned geometry
C19,9,2748.8,1581,2311,217,9176,9559,13.962 sq km,92.9,GMDA flood_survey_2 (Watershed_Gurugram + Natural_Flow_Direction),Official GMDA GIS; nearest-flow and boundary distances calculated from returned geometry
C20,9,2061.6,1440,2065,218,963,1113,1.626 sq km,101.6,GMDA flood_survey_2 (Watershed_Gurugram + Natural_Flow_Direction),Official GMDA GIS; nearest-flow and boundary distances calculated from returned geometry
